N°;Título;Link
1;Economía anunció licitación de cinco letras del Tesoro y canje de bono CER;https://www.ambito.com/finanzas/licitacion/economia-anuncio-cinco-letras-del-tesoro-y-canje-bono-cer-n5201910
2;"Matías Kulfas: ""Estamos cerca de alcanzar un acuerdo por la carne""";https://www.ambito.com/economia/carne/matias-kulfas-estamos-cerca-alcanzar-un-acuerdo-la-n5201984
3;Indumentaria, vinos y celulares, lo más buscado para el Día del Padre;https://www.ambito.com/negocios/dia-del-padre/indumentaria-vinos-y-celulares-lo-mas-buscado-el-n5201653
4;Deja Vú: Argentina mereció más pero se va con poco gracias a sus distracciones;https://www.ambito.com/deportes/argentina/deja-vu-merecio-mas-pero-se-va-poco-gracias-sus-distracciones-n5201220
5;"Scaloni, de las quejas por el campo de juego al ""los goles ya van a venir""";https://www.ambito.com/deportes/scaloni/las-quejas-el-campo-juego-al-los-goles-ya-van-venir-n5202000
6;Lo que le faltó a la Selección, según Messi;https://www.ambito.com/deportes/messi/falto-tranquilidad-ganar-n5201971
7;El S&P Merval rebotó ante mayor interés externo, pero cayeron los bonos en dólares;https://www.ambito.com/finanzas/sp-merval/el-reboto-mayor-interes-externo-pero-cayeron-los-bonos-dolares-n5201598
8;Alberto Fernández recibió el nuevo cargamento de vacunas con el que Argentina superó las 20 millones de dosis;https://www.ambito.com/politica/vacunas/alberto-fernandez-recibio-el-nuevo-cargamento-el-que-argentina-supero-las-20-millones-dosis-n5201048
9;"Massa: ""Hay una enorme vocación de Estados Unidos de colaborar con Argentina""";https://www.ambito.com/politica/sergio-massa/massa-hay-una-enorme-vocacion-estados-unidos-colaborar-argentina-n5201962
10;Vacunación: Ciudad abre inscripción para mayores de 45 años sin comorbilidades;https://www.ambito.com/informacion-general/vacunacion/ciudad-abre-inscripcion-mayores-45-anos-comorbilidades-n5201832
11;Coronavirus: reportan 687 muertes y 21.292 nuevos contagios en 24 horas;https://www.ambito.com/informacion-general/salud/cuantos-casos-coronavirus-hay-hoy-la-argentina-n5176993
12;Fiscal amplió denuncia a diputados de Cambiemos por difundir el consumo de dióxido de cloro ;https://www.ambito.com/politica/covid-19/fiscal-amplio-denuncia-diputados-cambiemos-difundir-el-consumo-dioxido-cloro-n5201894
13;Dólar MEP bajó de los $158 y tocó mínimos de casi un mes;https://www.ambito.com/finanzas/dolar/mep-los-158-y-toco-minimos-casi-un-mes-n5201754
14;Presentaron una plataforma educativa que funcionará desde Educ.ar y sin consumo de datos;https://www.ambito.com/informacion-general/educacion/presentaron-una-plataforma-educativa-que-funcionara-educar-y-consumo-datos-n5201878
15;El blue dejó de ser el dólar más barato del mercado;https://www.ambito.com/finanzas/dolar/blue-hoy-cuanto-cerro-este-lunes-14-junio-n5201422
16;Clases presenciales: qué municipios de la Provincia de Buenos Aires vuelven el miércoles;https://www.ambito.com/clases-presenciales/que-municipios-la-provincia-buenos-aires-vuelven-el-miercoles-n5201821
17;Globant y Mercado Libre anuncian 1.000 becas para jóvenes: cómo aplicar;https://www.ambito.com/informacion-general/mercado-libre/globant-y-anuncian-1000-becas-jovenes-como-aplicar-n5201769
18;¿Qué son las monedas bullion y por qué son una gran opción para invertir en el 2021?;https://www.ambito.com/finanzas/inversion/que-son-las-monedas-bullion-y-que-son-una-gran-opcion-invertir-el-2021-n5200002
19;Charla exclusiva: grandes empresas y la nueva Factura de Crédito;https://www.ambito.com/economia/empresas/charla-exclusiva-grandes-y-la-nueva-factura-credito-n5200166
20;Causa Maradona: el enfermero complicó a Cosachov, Forlini y Perroni;https://www.ambito.com/deportes/maradona/causa-el-enfermero-complico-cosachov-forlini-y-perroni-n5201524
21;"Shein, la tienda online sobre moda que hace ""temblar"" a Amazon";https://www.ambito.com/negocios/amazon/shein-la-tienda-online-moda-que-hace-temblar-n5201908
22;Datos y predicciones auguran una suba explosiva del Bitcoin;https://www.ambito.com/finanzas/bitcoin/datos-y-predicciones-auguran-una-suba-explosiva-del-n5201411
23;Arcor invertirá u$s20 millones para poner en marcha una planta en Misiones;https://www.ambito.com/negocios/grupo-arcor/arcor-invertira-us20-millones-poner-marcha-una-planta-misiones-n5201966
24;Solá recibió a representante de la ONU y pidió que la vacunas sea un bien público;https://www.ambito.com/politica/covid-19/sola-recibio-representante-la-onu-y-pidio-que-la-vacunas-sea-un-bien-publico-n5201978
25;"Cristina Kirchner: ""Dejemos la vacuna y la pandemia fuera de la disputa política""";https://www.ambito.com/politica/cristina-fernandez-kirchner/cristina-kirchner-dejemos-la-vacuna-y-la-pandemia-fuera-la-disputa-n5201661
26;¿Criptomonedas en corrección? Qué podemos esperar en el futuro;https://www.ambito.com/finanzas/criptomonedas/correccion-que-podemos-esperar-el-futuro-n5201644
27;Impuesto a las Ganancias: AFIP definió que reintegros se pagarán en cinco cuotas;https://www.ambito.com/economia/impuesto-las-ganancias/afip-definio-que-reintegros-se-pagaran-cinco-cuotas-n5201460
28;El Banco Central compró u$s80 millones, la mayor cifra del mes;https://www.ambito.com/finanzas/dolar/hoy-cuanto-cerro-este-lunes-14-junio-n5201421
29;Wall Street: S&P500 y Nasdaq marcaron nuevos récords antes de reunión clave de la Fed;https://www.ambito.com/finanzas/wall-street/sp500-y-nasdaq-marcaron-nuevos-records-antes-reunion-clave-la-fed-n5201870
30;Ley de alquileres: cómo serán las subas con los nuevos contratos que rigen desde julio;https://www.ambito.com/economia/alquileres/ley-como-seran-las-subas-los-nuevos-contratos-que-rigen-julio-n5199600
31;El Bitcoin cruza la barrera de los u$s40.000: ¿comenzó el despegue?;https://www.ambito.com/negocios/bitcoin/el-cruza-la-barrera-los-us40000-comenzo-el-despegue-n5201510
32;Para ahorristas: ¿Cuál es la mejor estrategia para invertir $20.000, $50.000 o más de $100.000?;https://www.ambito.com/finanzas/inversiones/para-ahorristas-cual-es-la-mejor-estrategia-invertir-20000-50000-o-mas-100000-n5200581
33;Aguinaldo 2021: cuándo se paga y cuánto tenés que cobrar;https://www.ambito.com/economia/aguinaldo/cuando-se-cobra-y-como-se-calcula-n5068436
34;Fugaz visita de Estado paso casi desapercibida ;https://www.ambito.com/secciones-especiales/charlas-quincho/-n5201403
35;Arde Cambiemos;https://www.ambito.com/politica/charlas-quincho/arde-cambiemos-n5201417
36;Flexibilización de las restricciones ;https://www.ambito.com/politica/charlas-quincho/flexibilizacion-las-restricciones-n5201413
37;Empresas del agro apuestan al mercado de capitales para financiarse;https://www.ambito.com/economia/agro/empresas-del-apuestan-al-mercado-capitales-financiarse-n5201342
38;Empresas anticipan nuevas estrategias para combatir malezas;https://www.ambito.com/edicion-impresa/agroindustria/empresas-anticipan-nuevas-estrategias-combatir-malezas-n5201346
39;"Nicolás Pino: ""No podemos darnos  el lujo de perder exportaciones""";https://www.ambito.com/edicion-impresa/agronegocios/nicolas-pino-no-podemos-darnos-el-lujo-perder-exportaciones-n5201345
40;"Pablo Lafuente: ""El marco regulatorio actual nos complica""";https://www.ambito.com/edicion-impresa/agroindustria/pablo-lafuente-el-marco-regulatorio-actual-nos-complica-n5201353
41;Gran Bretaña retrasa un mes el levantamiento total de la cuarentena por la variante Delta;https://www.ambito.com/mundo/covid-19/coronavirus-gran-bretana-retrasa-un-mes-el-levantamiento-total-la-cuarentena-la-variante-delta-n5201932
42;Neuquén extiende el horario de atención de comercios y locales gastronómicos;https://www.ambito.com/municipios/neuquen/extiende-el-horario-atencion-comercios-y-locales-gastronomicos-n5201961
43;Reabrieron los shoppings porteños con medidas sanitarias y aforo limitado;https://www.ambito.com/economia/pandemia/reabrieron-los-shoppings-portenos-medidas-sanitarias-y-aforo-limitado-n5201509
44;Covid-19: Novavax afirma que su vacuna es efectiva en más de 90%;https://www.ambito.com/informacion-general/covid-19/novavax-afirma-que-su-vacuna-es-efectiva-mas-90-n5201451
45;La Ciudad espera que el 40% de los porteños esté vacunado esta semana;https://www.ambito.com/informacion-general/covid-19/la-ciudad-espera-que-el-40-los-portenos-este-vacunado-esta-semana-n5201651
46;En La pampa ya pueden vacunarse mayores de 40 años sin comorbilidades;https://www.ambito.com/informacion-general/vacuna/en-la-pampa-ya-pueden-rse-mayores-40-anos-comorbilidades-n5201778
47;Shell analiza retirarse del campo petrolero más grande de EEUU;https://www.ambito.com/negocios/shell/analiza-retirarse-del-campo-petrolero-mas-grande-eeuu-n5201506
48;Zonas frías: cuáles serán las ciudades beneficiadas;https://www.ambito.com/economia/tarifas/zonas-frias-cuales-seran-las-ciudades-beneficiadas-n5200123
49;"Affronti: ""Nuestro objetivo es consolidar la eficiencia lograda para impulsar aún más la producción""";https://www.ambito.com/economia/ypf/affronti-nuestro-objetivo-es-consolidar-la-eficiencia-lograda-impulsar-aun-mas-la-produccion-n5199708
50;La OPEP prevé que habrá una aceleración de la demanda de petróleo en el segundo semestre;https://www.ambito.com/energia/petroleo/la-opep-preve-que-habra-una-aceleracion-la-demanda-el-segundo-semestre-n5199975
51;Así podes saber con qué nombre te agendaron tus contactos en WhatsApp;https://www.ambito.com/informacion-general/whatsapp/asi-podes-saber-que-nombre-te-agendaron-tus-contactos-n5201467
52;Instagram reveló cómo funciona su algoritmo y cómo influye en lo que ves;https://www.ambito.com/informacion-general/instagram/revelo-como-funciona-su-algoritmo-y-como-influye-lo-que-ves-n5201548
53;WhatsApp: cómo usar el filtro para volverte dibujo animado;https://www.ambito.com/informacion-general/whatsapp/como-usar-el-filtro-volverte-dibujo-animado-n5201526
54;Qué beneficios tiene usar las billeteras electrónicas y el dinero digital;https://www.ambito.com/negocios/dinero-electronico/que-beneficios-tiene-usar-las-billeteras-electronicas-y-el-dinero-digital-n5200212
55;Antimonopolio: proponen desmantelar Amazon, Google y otros gigantes;https://www.ambito.com/negocios/google/antimonopolio-proponen-desmantelar-amazon-y-otros-gigantes-n5200628
56; Smartphones: la marcha china Xiaomi desembarca en el mercado argentino ;https://www.ambito.com/negocios/tecnologia/smartphones-la-marcha-china-xiaomi-desembarca-el-mercado-argentino-n5200371
57;Susana Giménez fue trasladada a terapia intermedia;https://www.ambito.com/espectaculos/susana-gimenez/fue-trasladada-terapia-intermedia-n5201568
58;Comienza el rodaje de una nueva serie sobre el caso García Belsunce para HBO Max;https://www.ambito.com/espectaculos/maria-marta-garcia-belsunce/comienza-el-rodaje-una-nueva-serie-el-caso-garcia-belsunce-hbo-max-n5201619
59;Borges y el cine: a 35 años de su muerte, 5 películas que se inspiraron en su obra ;https://www.ambito.com/espectaculos/jorge-luis-borges/borges-y-el-cine-35-anos-su-muerte-5-peliculas-que-se-inspiraron-su-obra-n5201495
60;Ferrari quiere pisar fuerte en el mundo de la moda;https://www.ambito.com/lifestyle/ferrari/quiere-pisar-fuerte-el-mundo-la-moda-n5201726
61;"""The Morning Show"" temporada 2: tráiler y fecha de estreno de la serie de Apple TV Plus";https://www.ambito.com/espectaculos/series/the-morning-show-temporada-2-trailer-y-fecha-estreno-la-serie-apple-tv-plus-n5201605
62;Moratoria ARBA: quiénes pueden acceder y cómo inscribirse;https://www.ambito.com/informacion-general/ingresos-brutos/moratoria-arba-quienes-pueden-acceder-y-como-inscribirse-n5201577
63;Acuerdan la implementación de un sistema para geolocalizar llamadas de emergencia;https://www.ambito.com/informacion-general/seguridad/acuerdan-la-implementacion-un-sistema-geolocalizar-llamadas-emergencia-n5201931
64;Empresas de medicina prepaga acuden a la Justicia por falta de ajuste en las cuotas;https://www.ambito.com/negocios/prepagas/empresas-medicina-prepaga-acuden-la-justicia-falta-ajuste-las-cuotas-n5201517
65;En qué se invierte la plata de los jubilados;https://www.ambito.com/economia/anses/en-que-se-invierte-la-plata-los-jubilados-n5201610
66;La carne baja en Liniers, pero no en las carnicerías;https://www.ambito.com/economia/carne/la-baja-liniers-pero-no-las-carnicerias-n5201538
67;Fuertes bajas de los granos: la soja perdió 2,4% por cambios en condiciones climáticas de EEUU;https://www.ambito.com/economia/soja/precio-la-fuerte-baja-la-cotizacion-los-granos-chicago-n5201499
68;Cuatro empresas argentinas comprometidas con el bienestar animal;https://www.ambito.com/informacion-general/empresas/cuatro-argentinas-comprometidas-el-bienestar-animal-n5201866
69;Monotributo: con el nuevo proyecto, el mes que viene habrá una recategorización;https://www.ambito.com/economia/monotributo/el-nuevo-proyecto-el-mes-que-viene-habra-una-recategorizacion-n5201463
70;¿Por qué es tan difícil adelgazar?;https://docsalud.com/ciencia/por-que-es-tan-dificil-adelgazar/1010969
71;Esclerosis lateral amiotrófica: el ejercicio intenso aumentaría el riesgo de padecerla;https://docsalud.com/clinica/esclerosis-lateral-amiotrofica-el-ejercicio-intenso-aumentaria-el-riesgo-de-padecerla/1010972
72;El núcleo interno de la Tierra está desestabilizado;https://www.ambito.com/informacion-general/ciencia/el-nucleo-interno-la-tierra-esta-desestabilizado-n5201515
73;Suscribite al newsletter de Ámbito;https://www.ambito.com/economia/finanzas/suscribite-al-newsletter-ambito-n5108585
74;¿Momento de invertir en Brasil?;https://www.ambito.com/opiniones/brasil/momento-invertir-n5201364
75;El dinero no hace a la felicidad (del hincha);https://www.ambito.com/economia/jugadores/el-dinero-no-hace-la-felicidad-del-hincha-n5201402
76;Se despeja la incertidumbre sobre tributación global de la economía digital;https://www.ambito.com/economia/impuestos/se-despeja-la-incertidumbre-tributacion-global-la-digital-n5201395
77;Los 3 pilares de la economía, un modelo digno de los tangos de Discépolo;https://www.ambito.com/economia/martin-guzman/la-argentina-dosmilveintiuno-cambalache-n5200053
78;El virus de nuestra próxima crisis es el atraso cambiario;https://www.ambito.com/opiniones/inflacion/el-virus-nuestra-proxima-crisis-es-el-atraso-cambiario-n5199473
79;Lo que no debe hacer el Gobierno si quiere evitar un verdadero disparate económico;https://www.ambito.com/opiniones/economia/lo-que-no-debe-hacer-el-gobierno-si-quiere-evitar-un-verdadero-disparate-economico-n5199485
80;"Revival del ""segundo semestre"": qué expectativas existen para el final del 2021";https://www.ambito.com/opiniones/deficit-fiscal/revival-del-segundo-semestre-que-expectativas-existen-el-final-del-2021-n5199517
81;Diálogos de Wall Street;https://www.ambito.com/economia/wall-street/dialogos-n5199381
82;¿Por qué suben las acciones argentinas?;https://www.ambito.com/opiniones/acciones-argentinas/por-que-suben-las-n5198710
83;Día del Padre: ¿qué promociones ofrecen los bancos para homenajear a papá?;https://www.ambito.com/economia/dia-del-padre/que-promociones-ofrecen-los-bancos-homenajear-papa-n5199561
84;Martín Guzmán enfrena cara a cara al establishment criollo con la receta del crecimiento;https://www.ambito.com/economia/martin-guzman/enfrena-cara-cara-al-establishment-criollo-la-receta-del-crecimiento-n5201519
85;Jornada de homenajes por los 39 años del fin de la Guerra de Malvinas;https://www.ambito.com/politica/malvinas/jornada-homenajes-los-39-anos-del-fin-la-guerra-n5201949
86;Pfizer: Alberto Fernández y Patricia Bullrich ya tienen cita para estar frente a frente;https://www.ambito.com/politica/alberto-fernandez/pfizer-y-patricia-bullrich-ya-tienen-cita-estar-frente-frente-n5201540
87;Perú: a ocho días del balotaje, aún no hay ganador y reina la incertidumbre;https://www.ambito.com/mundo/peru/ocho-dias-del-balotaje-aun-no-hay-ganador-y-reina-la-incertidumbre-n5201930
88;"Investigan a Hernán Lombardi por la campaña del ""Sí se puede""";https://www.ambito.com/politica/mauricio-macri/investigan-hernan-lombardi-la-campana-del-si-se-puede-n5201638
89;¿El Barrio Inglés de remate?: récord de casas en venta y precios hasta 30% off;https://www.ambito.com/negocios/barrio-ingles/el-remate-record-casas-venta-y-precios-30-off-n5200452
90;"Pablo Avellutto agradeció ""los mensajes de amor"" recibidos tras la muerte de su hijo";https://www.ambito.com/politica/pablo-avelluto/pablo-avellutto-agradecio-los-mensajes-amor-recibidos-la-muerte-su-hijo-n5201501
91;WhatsApp: cómo usar el filtro para volverte dibujo animado;https://www.ambito.com/informacion-general/whatsapp/como-usar-el-filtro-volverte-dibujo-animado-n5201526
92;Así podes saber con qué nombre te agendaron tus contactos en WhatsApp;https://www.ambito.com/informacion-general/whatsapp/asi-podes-saber-que-nombre-te-agendaron-tus-contactos-n5201467
93;El blue dejó de ser el dólar más barato del mercado;https://www.ambito.com/finanzas/dolar/blue-hoy-cuanto-cerro-este-lunes-14-junio-n5201422
94;Impuesto a las Ganancias: AFIP definió que reintegros se pagarán en cinco cuotas;https://www.ambito.com/economia/impuesto-las-ganancias/afip-definio-que-reintegros-se-pagaran-cinco-cuotas-n5201460
95;Pegada magistral de Messi y velocidad de Vargas, los goles de Argentina-Chile;https://www.ambito.com/deportes/messi/pegada-magistral-y-velocidad-vargas-los-goles-argentina-chile-n5201896
96;El irrespetuoso tuit de la selección chilena;https://www.ambito.com/deportes/chile/el-irrespetuoso-tuit-la-seleccion-na-n5202022
97;Los dueños de perros de razas consideradas peligrosas deben registrarlos y obtener un permiso de la Ciudad;https://www.ambito.com/informacion-general/ciudad-buenos-aires/los-duenos-perros-razas-consideradas-peligrosas-deben-registrarlos-y-obtener-un-permiso-caba-n5201776
98;Falleció el mendocino que permaneció 18 años en coma tras una avalancha en un recital de la Bersuit Vergarabat;https://www.ambito.com/informacion-general/mendoza/fallecio-el-mendocino-que-permanecio-18-anos-coma-una-avalancha-un-recital-la-bersuit-vergarabat-n5201752
99;El nuevo gobierno asume en Israel y ya enfrenta su primer desafío de fuerza;https://www.ambito.com/mundo/gobierno/el-nuevo-asume-israel-y-ya-enfrenta-su-primer-desafio-fuerza-n5201457
100;AUH de ANSES: plus de $7.000, ¿por qué no recibí el pago?;https://www.ambito.com/informacion-general/anses/auh-plus-7000-por-que-no-recibi-el-pago-n5201630
101;Plan Egresar de ANSES: cómo inscribirse para cobrar la beca de $5.000;https://www.ambito.com/informacion-general/anses/plan-egresar-como-inscribirse-cobrar-la-beca-5000-n5201599
102;Tandil: intendente protagonizó un choque en la puerta de la municipalidad;https://www.ambito.com/informacion-general/tandil/intendente-protagonizo-un-choque-la-puerta-la-municipalidad-n5201759
103;Bolivia sorprendió a Paraguay en el arranque y defiende el triunfo;https://www.ambito.com/deportes/bolivia/sorprendio-paraguay-el-arranque-y-defiende-el-triunfo-n5202042
104;El nuevo Boca empieza a tomar a forma;https://www.ambito.com/deportes/boca/el-nuevo-briasco-y-rolon-se-despidieron-huracan-y-orsini-ya-se-entrena-el-plantel-n5201542
105;Tras la llegada de Agüero, otro jugador de la selección figura en la carpeta del Barcelona;https://www.ambito.com/deportes/tagliafico/nicolas-figura-la-carpeta-del-barcelona-n5201564
106;La historia interminable: Buffon descarta su retiro del fútbol y analiza opciones para seguir su carrera;https://www.ambito.com/deportes/gianluigi-buffon/la-historia-interminable-buffon-descarta-su-retiro-del-futbol-y-analiza-opciones-seguir-su-carrera-n5201566
107;"El duro descargo de James Rodríguez tras quedar afuera de la Copa América: ""Me faltaron el respeto""";https://www.ambito.com/deportes/james-rodriguez/el-duro-descargo-quedar-afuera-la-copa-america-me-faltaron-el-respeto-n5201569
108;Running: los beneficios emocionales de correr 20 minutos al día;https://www.ambito.com/lifestyle/running/los-beneficios-emocionales-correr-20-minutos-al-dia-n5200228
109;Covid: la Argentina podría fabricar casi 200 millones de vacunas;https://www.ambito.com/economia/vacunas/covid-la-argentina-podria-fabricar-casi-200-millones-n5201394
110;"Polémica entre los médicos de Uruguay por tratar de ""genocidio"" a las muertes por Covid-19";https://www.ambito.com/mundo/genocidio/polemica-los-medicos-uruguay-tratar-las-muertes-covid-19-n5201531
111;Sheryl Crow reveló que fue amenazada y acosada por el mánager de Michael Jackson;https://www.ambito.com/espectaculos/acoso-sexual/sheryl-crow-revelo-que-fue-amenazada-y-acosada-el-manager-michael-jackson-n5201666
112;La producción de fotos de Pampita embarazada que causó furor en las redes ;https://www.ambito.com/espectaculos/television/la-produccion-fotos-pampita-embarazada-que-causo-furor-las-redes-n5201462
113;Misión del FMI: por ahora, el Gobierno confía (pero hay luces amarillas) ;https://www.ambito.com/economia/fmi/mision-del-ahora-el-gobierno-confia-pero-hay-luces-amarillas-n5201359
114;ARBA abrió la inscripción para la moratoria con quitas de hasta el 100%;https://www.ambito.com/economia/impuestos/arba-abrio-la-inscripcion-la-moratoria-quitas-el-100-n5201434
115;IDEA anunció cambios en su directorio;https://www.ambito.com/negocios/idea/anuncio-cambios-su-directorio-n5201590
116;La venta ilegal callejera en CABA subió 21,3% en mayo;https://www.ambito.com/economia/consumo/la-venta-ilegal-callejera-caba-subio-213-mayo-n5201692
117;Trenes: el Gobierno no renovará la concesión del Urquiza y Belgrano;https://www.ambito.com/economia/trenes/el-gobierno-no-renovara-la-concesion-del-urquiza-y-belgrano-n5201350
118;Las 10 empresas de mayor valor en el mundo;https://www.ambito.com/negocios/empresas/las-10-mayor-valor-el-mundo-n5201094
119;Un diputado de Juntos por el Cambio defendió el trabajo infantil;https://www.ambito.com/politica/trabajo/un-diputado-juntos-el-cambio-defendio-el-infantil-n5201474
120;FMI: encuentro clave de Massa en rooftop del Washington Hotel;https://www.ambito.com/politica/fmi/encuentro-clave-massa-rooftop-del-washington-hotel-n5201399
121;JxC: sin Macri y mientras estalla interna, Larreta avanza con candidaturas;https://www.ambito.com/politica/juntos-el-cambio/jxc-macri-y-mientras-estalla-interna-larreta-avanza-candidaturas-n5201391
122;Alberto-CGT: blindaje a obras sociales que compiten con prepagas;https://www.ambito.com/politica/cgt/alberto-blindaje-obras-sociales-que-compiten-prepagas-n5201348
123;"Malestar en Gobierno por los ""objetivos políticos"" de la nueva conducción de la UIA";https://www.ambito.com/economia/uia/malestar-gobierno-los-objetivos-politicos-la-nueva-conduccion-la-n5200798
124;"Los médicos aún intentan ""saber qué pasó"" en el colapso de Eriksen: no volvería a jugar al fútbol ";https://www.ambito.com/deportes/eurocopa/los-medicos-aun-intentan-saber-que-paso-el-colapso-eriksen-no-volveria-jugar-al-futbol-n5201539
125;"""Peque"" Schwartzman dejó el ""top ten"" del ranking ATP";https://www.ambito.com/deportes/tenis/peque-schwartzman-dejo-el-top-ten-del-ranking-atp-n5201443
126;No pudo ser para Campazzo: los Denver Nuggets fueron barridos por Phoenix Suns;https://www.ambito.com/deportes/nba/no-pudo-ser-facundo-campazzo-los-denver-nuggets-fueron-barridos-phoenix-suns-n5201415
127;Mano a mano con hinchas de Leeds: ¿Qué esperan de Bielsa para la próxima temporada?;https://www.ambito.com/deportes/leeds/mano-mano-hinchas-que-esperan-bielsa-la-proxima-temporada-n5200058
128;Djokovic es el nuevo campeón de Roland Garros tras revertir la final ante Tsitsipas;https://www.ambito.com/deportes/roland-garros/djokovic-es-el-nuevo-campeon-revertir-la-final-tsitsipas-n5201175
129;"Médicos confirman que Eriksen ""murió por unos minutos"" y dudan si volverá a jugar";https://www.ambito.com/deportes/eurocopa/medicos-confirman-que-eriksen-murio-unos-minutos-y-dudan-si-volvera-jugar-n5201040
